,Q1,Q2,Q3,Q4,Q5,Q6,Q7,Q8,Q9,Q10,Q11,Q12
Q1,1.0,0.827,0.786,0.796,0.661,0.694,0.79,0.687,0.549,0.636,0.548,0.574
Q2,0.827,1.0,0.868,0.838,0.786,0.799,0.924,0.798,0.577,0.721,0.579,0.662
Q3,0.786,0.868,1.0,0.776,0.701,0.727,0.899,0.724,0.564,0.663,0.57,0.648
Q4,0.796,0.838,0.776,1.0,0.823,0.849,0.803,0.829,0.569,0.744,0.583,0.625
Q5,0.661,0.786,0.701,0.823,1.0,0.869,0.758,0.845,0.531,0.765,0.549,0.635
Q6,0.694,0.799,0.727,0.849,0.869,1.0,0.781,0.921,0.598,0.836,0.628,0.661
Q7,0.79,0.924,0.899,0.803,0.758,0.781,1.0,0.772,0.598,0.697,0.595,0.689
Q8,0.687,0.798,0.724,0.829,0.845,0.921,0.772,1.0,0.65,0.888,0.689,0.682
Q9,0.549,0.577,0.564,0.569,0.531,0.598,0.598,0.65,1.0,0.689,0.9,0.655
Q10,0.636,0.721,0.663,0.744,0.765,0.836,0.697,0.888,0.689,1.0,0.747,0.676
Q11,0.548,0.579,0.57,0.583,0.549,0.628,0.595,0.689,0.9,0.747,1.0,0.664
Q12,0.574,0.662,0.648,0.625,0.635,0.661,0.689,0.682,0.655,0.676,0.664,1.0
